Model,Accuracy,Precision,Recall,F1-Score,AUC-ROC,Train Time (s),Inference Time (s)
KNN,0.8898183819482663,0.9100650593187907,0.7563613231552163,0.8261247177349313,0.9204428256138715,0.05230069160461426,3.5382080078125
SVM,0.844799119427628,0.8802631578947369,0.6383587786259542,0.7400442477876106,0.8843849593093751,1.2835025787353516,0.001999378204345703
Random Forest,0.9347275729223996,0.9553730810424849,0.851145038167939,0.9002523128679563,0.9742734214688714,1.3433611392974854,0.16313672065734863
XGBoost,0.9410016510731976,0.9653818700927909,0.8603689567430025,0.9098553649512278,0.975400813684008,0.8404579162597656,0.026705265045166016
LightGBM,0.9369290038525041,0.9686474662777981,0.8451017811704835,0.9026668931544081,0.9733166264278981,1.0911626815795898,0.0412750244140625
